{
  "Get Single Request" : {
    "transaction" : "Get Single Request",
    "sampleCount" : 47,
    "errorCount" : 3,
    "errorPct" : 6.382979,
    "meanResTime" : 114.40425531914896,
    "medianResTime" : 112.0,
    "minResTime" : 20.0,
    "maxResTime" : 195.0,
    "pct1ResTime" : 134.0,
    "pct2ResTime" : 158.9999999999998,
    "pct3ResTime" : 195.0,
    "throughput" : 0.20100244624253724,
    "receivedKBytesPerSec" : 0.3477031594804728,
    "sentKBytesPerSec" : 0.027564331474417093
  },
  "Total" : {
    "transaction" : "Total",
    "sampleCount" : 47,
    "errorCount" : 3,
    "errorPct" : 6.382979,
    "meanResTime" : 114.40425531914896,
    "medianResTime" : 112.0,
    "minResTime" : 20.0,
    "maxResTime" : 195.0,
    "pct1ResTime" : 134.0,
    "pct2ResTime" : 158.9999999999998,
    "pct3ResTime" : 195.0,
    "throughput" : 0.20100244624253724,
    "receivedKBytesPerSec" : 0.3477031594804728,
    "sentKBytesPerSec" : 0.027564331474417093
  }
}